#,タイトル,ファイル名,ジャンル,ジャンル副題
1,為政者が自国民の敵意を動員する国とそうでない国 - 正統性からみた比較政治学的研究,hostility-mobilization-legitimacy.html,政治学,国際
2,体制類型と国際秩序の比較政治学的考察 - 民主主義・権威主義をめぐる二つの問い,regime-type-politics.html,政治学,国際
3,感情の政治資源化論 - ポピュリズムにおける「奪われ感」の比較政治心理学,emotion-politicization.html,政治学,国際
4,政党ラベルの情報経済学 - 法制度・選挙制度・党内組織の三層分析,party-label-theory.html,政治学,国内
5,民意の変換理論 - 政治学・社会選択論・心理学・政治哲学による学際的検討,theory-of-popular-will.html,政治学,国内
6,生成 AI 企業比較の基礎資料 - モデル・エージェント・コーディング環境,ai-industry-comparison.html,情報産業,
7,クラウドコンピューティング市場の構造分析 - 生成 AI 需要による勢力図の変化,cloud-market-ai-analysis.html,情報産業,
8,インターネット相互接続論 - ピアリング・トランジット・ CDN 事業モデル,internet-peering-cdn.html,情報産業,
9,「 SaaS 消滅」言説の実証的検討 - UI ・ロジック・データ三層モデルによる分析,saas-layered-analysis.html,情報産業,
10,AI データセンター問題の争点化過程 - 日米比較政治分析,ai-datacenter-politics.html,時事問題,
11,「アラブ・シーズン」論 - ナイツブリッジの路上に映る階級の地理学,arab-season-knightsbridge.html,時事問題,
12,バッテリー電圧降下と残量推定の科学 - 水位と起電力を分かつもの,battery-voltage-and-charge.html,自然科学,
13,地質時代入門 - 100 億年を四段階のスケールでたどる,geologic-time-scale.html,自然科学,
14,多元宇宙論とビッグバン以前 - 理論宇宙論における観測事実と仮説の境界,multiverse-cosmology.html,自然科学,
15,素粒子物理学概論 - 原子核から観測可能な宇宙まで,particle-physics-intro.html,自然科学,
16,反出生主義の非対称性論証 - 哲学的・論理学的・心理学的検討,antinatalism-asymmetry.html,人文科学,社会心理学
17,羨望と社会的比較の心理学 - 神経科学・哲学・進化論からの統合的検討,envy-comparison-theory.html,人文科学,社会心理学
18,社会的比較における順位形成の構造 - 半順序、スカラー化、参照集団の動態,ranking-formation-structure.html,人文科学,社会心理学
19,互酬性戦略の再検討 - ギバー・テイカー理論の批判的検証,reciprocity-critique.html,人文科学,社会心理学
20,職業選択における動機の二元論を超えて - 労働を「交換」として捉える理論的試論,vocational-choice-structure.html,人文科学,社会心理学
21,教養教育の理念史 - リベラルアーツの語源と米国モデルの展開,liberal-arts-history.html,人文科学,教育
22,道徳教育政策の比較研究 - 文部科学省の方針と諸外国の実践,moral-education-policy.html,人文科学,教育
23,倫理学は哲学の中でどこに立つか - 学問的位置づけと独学の手引き,ethics-and-philosophy.html,人文科学,理論
24,ユング心理学批判序説 - 河合隼雄の仕事をめぐる方法論的問題,jungian-critique.html,人文科学,理論
25,ユング心理学における自己実現論 - 個性化過程の理論と実践,jungian-individuation.html,人文科学,理論
26,論理学入門 - 選択的夫婦別姓論争にみる論証の構造分析,logic-argumentation.html,人文科学,理論
27,言語哲学と心理言語学 - 二つの学問的伝統の見取り図,philosophy-psycholinguistics.html,人文科学,理論
28,哲学的思考の技術と独学カリキュラムの設計,philosophy-self-study.html,人文科学,理論
29,藁人形論法の研究 - 論証歪曲の構造と識別,strawman-fallacy.html,人文科学,理論
30,推論の類型学 - 演繹・帰納・アブダクション・類推,types-of-reasoning.html,人文科学,理論
31,日本仏教宗派史 - 十三宗五十六派の成立と系譜,japanese-buddhist-sects.html,雑学知識,歴史
32,「近代」と「現代」の時代区分論 - 世界史と日本史の対照年表,modern-contemporary-periods.html,雑学知識,歴史
33,南都六宗研究 - 古代学問仏教の継承と変容,nanto-rokushu-buddhism.html,雑学知識,歴史
34,文章表現技法の体系 - 修辞学・心理学・ジャーナリズムからの 18 技法,writing-techniques.html,雑学知識,実用
35,静的サイト移行の実務記録 - DNS 移管とネームサーバー設定,static-site-migration.html,実用,
